SuspectID,Name,Age,Gender,Address,Phone,Email,PreviousRecord,DOB,ThreatLevel
1,Timothy Tran,54,Male,"82704 Patricia Points
North Christopherstad, WY 28473",792.370.6298x741,denisesmith@yahoo.com,No,2006-12-27,Medium
2,Jessica Velez,23,Female,"9923 Gutierrez Hollow
Booneside, OR 21907",(340)007-2185x510,lozanodavid@yahoo.com,Yes,1977-12-20,High
3,Sharon Davies,59,Other,"USNV Armstrong
FPO AE 90670",077-817-8220x3878,kristen16@hotmail.com,Yes,1977-09-17,Medium
4,Brent Johnson,48,Other,"122 Caleb Garden
New Ericachester, AZ 42821",(289)337-3126,melissacarr@yahoo.com,Yes,1959-12-25,Low
5,Karen Ashley,63,Female,"PSC 7005, Box 3951
APO AE 46860",+1-567-603-6914x308,hfry@gmail.com,No,2000-06-23,High
6,Christine Leon,57,Female,"6091 Foster Locks
Adamview, MN 99614",+1-972-514-5840x45626,joshua96@yahoo.com,Yes,1994-03-09,High
7,Charles Jordan,39,Male,"774 Smith Points Apt. 713
Lake Jeffery, SD 60106",+1-194-844-8282,kadams@hotmail.com,No,1968-08-12,Low
8,Joseph Smith,19,Male,"368 Farmer Stream Suite 292
Lake Brianland, SD 74701",+1-776-471-7703x196,tgoodwin@hotmail.com,No,2002-07-17,High
9,Michael Pugh,32,Other,"94278 Desiree Vista
New Jeffrey, TN 99650",+1-155-863-3113x0107,johnsonmarcus@wagner.com,Yes,1992-11-04,Medium
10,Amy Harris,50,Female,"USNV Sampson
FPO AE 16386",(903)364-4467x6405,haleymartin@gmail.com,No,1997-04-02,Low
11,Gary Benton,48,Male,"PSC 1735, Box 4497
APO AP 10154",(670)620-7986,nbarber@kelly.com,No,1993-06-13,Low
12,Todd Ponce,55,Other,"03277 Miller Grove
Josephmouth, RI 63830",111.146.1140,sharding@ferguson-stokes.com,Yes,1996-10-14,Medium
13,Eric Oconnor,51,Male,"Unit 4458 Box 5719
DPO AE 75085",086-160-0447,yballard@white-james.org,Yes,1975-02-07,Medium
14,Lisa Gomez,47,Other,"326 Brittany Cliffs
Simpsonport, IL 70755",023.316.4224,connor96@hicks.org,Yes,1990-07-24,High
15,Lauren Schaefer,20,Male,"1588 Maynard Springs
East Jason, WI 21618",+1-588-324-7642x3483,wheelermichael@yahoo.com,Yes,1991-07-31,Medium
16,Stephanie Gonzalez,45,Female,"408 Zachary Ford Suite 532
Vaughnton, NV 73207",001-169-489-0313,timothyguzman@nelson.info,Yes,1978-08-25,High
17,Mackenzie Kennedy,63,Female,"318 Hopkins Terrace Apt. 176
West Geoffreytown, KY 86654",444-803-3269,connie43@rogers.org,Yes,1996-02-04,Low
18,Samantha Davis,21,Female,"02486 Stacey Path Apt. 298
Melissaport, CO 91256",+1-548-622-5395x737,rdavis@bonilla-collins.com,Yes,1982-12-08,Medium
19,Mark Reese,37,Female,"61084 Brown Harbors Apt. 694
Port Johnfurt, ID 38547",(048)273-2880x76829,pollardmelvin@ray.info,Yes,1963-08-14,Low
20,Jacob Soto,28,Other,"88285 Fowler Extensions Apt. 999
New Eugene, AZ 41130",(942)600-2713x4753,claytonwhite@yahoo.com,Yes,1987-12-08,Low
21,Raymond Rogers,28,Male,"3340 Lauren Pike Apt. 642
Maryfort, LA 03726",4232334681,lauren62@gmail.com,Yes,1966-06-19,High
22,Stephanie David,42,Male,"4841 John Knolls Apt. 878
Lake John, AL 64757",844-992-3597,nicholslindsey@conley-lopez.com,No,1968-04-01,Medium
23,Douglas Bradley,21,Other,"216 Wallace Knoll
Greenhaven, CA 21859",+1-943-444-8022,angelaortiz@solis.com,Yes,1989-07-20,Low
24,Joseph Campbell,62,Female,"12820 Bond Alley
North Deborah, UT 27445",503-266-9542x800,ylane@gmail.com,Yes,1959-05-16,High
25,Michael Luna,42,Male,"PSC 0257, Box 2846
APO AA 15567",(468)703-5147,alyssa38@gmail.com,No,1961-12-10,Medium
26,Lauren Nichols,48,Male,"614 Sanders Manor Suite 690
Lake Erikfort, WV 22873",936.006.9096,scummings@gmail.com,No,1976-08-12,Medium
27,Michael Scott,30,Female,"344 Andrew Groves
Lake Shelia, ND 79495",(782)031-1194,veronicastanley@gmail.com,Yes,1981-01-27,High
28,Sarah Johnson,40,Female,"PSC 0660, Box 6193
APO AA 86236",001-690-386-8409,dorseychristian@yahoo.com,No,2006-09-22,Medium
29,Heather Stanley,53,Male,"917 Nichols Walk Apt. 405
Christopherberg, CA 41459",+1-547-483-1075,williamsrebecca@yahoo.com,Yes,2002-02-12,Low
30,Keith Dominguez,53,Other,"Unit 2910 Box 2219
DPO AE 67641",951.767.3251x53000,michaelballard@gilbert.info,No,1960-04-23,Medium
31,Devin Elliott,43,Male,"1455 Elliott Loop Apt. 226
New Christina, NM 94519",182.126.0107x770,mark23@yahoo.com,Yes,1980-12-13,Low
32,Shirley Bird,54,Male,"05637 Kurt Mission
Lake Drew, NV 23112",051.486.9916x86155,zachary35@hotmail.com,Yes,1962-10-08,High
33,Andre Gutierrez,28,Male,"065 Angela Creek
Clarkburgh, WV 17893",(921)842-6665x646,summersjared@green.biz,No,2006-01-02,Low
34,Eugene Fischer,63,Female,"3753 Gonzales Manors
Brownshire, WA 57014",(003)113-5456x9312,vcarey@yahoo.com,Yes,1983-03-11,Medium
35,Melissa Hamilton,28,Other,"0073 Ramirez Forge Apt. 913
Martinstad, FL 48537",751-250-5641,vanessacox@gmail.com,No,1983-08-01,Low
36,Julie Ball,24,Other,"4921 Ashley Ways Apt. 709
South Teresa, NY 29185",957-380-2531,nathan66@rodriguez-marks.com,Yes,1969-11-27,High
37,Joseph Miller,45,Male,"274 Colleen Landing Apt. 560
Meaganstad, IA 13271",730-140-5580,deborahnavarro@hotmail.com,Yes,1968-03-24,Low
38,Jamie Morrison,59,Male,"USCGC Valdez
FPO AP 87848",001-970-053-0905x69281,christopher02@yahoo.com,Yes,1975-01-02,Medium
39,James Mcdonald,45,Other,"718 Kennedy Ranch
Clineshire, MA 76714",325-559-6854x86020,eduardoflores@baker-rogers.biz,No,1979-08-09,High
40,Tanya Cooke,60,Male,"137 Steve Common Apt. 544
Kimberlyshire, OR 46783",660-868-6945,victoria48@yahoo.com,No,2004-02-08,Low
41,Evan Ball,20,Male,"52164 Pham Throughway Suite 882
East Valerieburgh, AR 46299",047.680.3488x155,grace83@gmail.com,No,1996-03-06,Low
42,Mark Miller,46,Other,"9708 Michael Courts
New Bradley, MA 71423",897.217.8637x05162,yschaefer@hotmail.com,Yes,2002-05-25,Medium
43,Joseph Carter,44,Female,"7396 Kelly Meadow Apt. 921
South Amberhaven, VA 73549",001-324-277-8528x97532,morganjessica@castro.biz,No,1987-06-09,High
44,Adam Silva,60,Other,"3510 Shawn Locks Suite 801
Weaverville, NM 24152",871.633.0550,paulwilliams@white.com,Yes,1992-10-14,Low
45,Robert Newton,35,Female,"55623 Linda Summit Apt. 019
South Jamesmouth, NY 69789",+1-413-637-7644x1549,martinezwilliam@gmail.com,No,1983-12-04,Low
46,Adam Lawrence,44,Male,"235 Kara Rest Suite 180
Davismouth, AK 24022",1599409185,lnoble@rowland-anderson.com,Yes,1961-08-30,Low
47,Rachel Miller,21,Male,"96848 Samantha Row Apt. 064
Toddfort, WA 22371",126.007.6524x86597,cnguyen@hall-griffin.com,Yes,2003-03-22,Low
48,Gary Moss,45,Other,"42312 Rodriguez Key Suite 097
Lake Olivia, MN 91347",+1-495-131-4120x3026,gdominguez@larson.com,Yes,1974-03-26,Medium
49,Patricia Collins,62,Male,"076 Brown Islands
Port Haley, TN 33196",(910)170-9312x41167,danielhall@hayes.com,Yes,1983-08-22,Medium
50,Daniel Becker,28,Female,"55981 Davidson Row
West Michael, WV 20251",(061)112-1750x015,masonamanda@yahoo.com,Yes,1971-10-10,Medium
51,Johnny Rhodes,54,Male,"32256 Peter Crossing
South Donnatown, PA 78855",001-056-299-3432x7201,williambauer@gmail.com,No,1974-09-14,Low
52,Lori Cardenas,39,Other,"USNS Harris
FPO AE 94792",467.280.5197x397,msuarez@hotmail.com,Yes,1975-03-31,Low
53,Jay Jones,32,Male,"877 Andrew Mountains
Amandafort, CT 94246",468-386-8897,higginschristopher@hotmail.com,Yes,1968-12-07,Low
54,Meghan Hill,44,Female,"51950 Ann Flats Apt. 786
East Alicia, NV 12076",684-125-4166x3568,danielanderson@berry.biz,No,1980-11-03,High
55,Robert Mcgee,40,Other,"9877 Edwards Roads Apt. 034
Nelsonfurt, WI 75293",001-773-516-3694,jenniferwelch@hotmail.com,Yes,1962-10-23,Medium
56,Elizabeth Wong,30,Other,"340 Miller Mountains
Estradaville, HI 22984",357.357.2757x80134,colleen77@thompson-burke.com,No,1980-10-18,High
57,Kaitlyn Crosby,44,Other,"79236 James Throughway
Port Johnnyberg, HI 20594",626-567-1126,philip03@woods-trujillo.com,Yes,1959-10-09,High
58,Danielle Perez,58,Male,"581 Amy Drive Apt. 362
Christophermouth, WA 74871",291-034-2717x6460,christinesummers@moore.com,No,1969-05-15,Medium
59,Michael Mccullough,23,Other,"28364 Lucas Stream Suite 927
Lake Ronald, MT 76846",(732)724-9107x4429,davidhansen@gmail.com,Yes,1987-01-04,Medium
60,Tanya Hatfield,56,Male,"00485 Webb Bypass Suite 550
Aaronfurt, SD 86355",+1-584-229-3410,kimberly40@yahoo.com,Yes,1984-10-16,Medium
61,Benjamin Martinez,55,Male,"55941 Nielsen Knoll Apt. 350
New Shawnshire, KY 02569",747-484-9396x47527,melissabartlett@hotmail.com,Yes,2000-01-18,Low
62,Kristen Taylor,44,Female,"30477 Kathy Cape
Newtonshire, MN 48836",+1-825-082-0297x00289,fullernoah@meyer-small.com,No,1997-02-09,High
63,Laura Miller,47,Other,"1620 Diana Ferry Suite 348
Jasonstad, CT 75848",017.276.7683x802,qsmith@gmail.com,Yes,2004-07-11,High
64,Kyle Lucas,18,Male,"779 Cruz Drives Suite 347
West Jasonstad, OH 28609",+1-884-547-3802x653,jgonzalez@montgomery-thompson.com,Yes,1984-11-02,Low
65,Bailey Adams,53,Other,"PSC 2479, Box 9725
APO AP 85099",001-956-525-2533x8635,michael55@martin.com,Yes,1999-12-25,Medium
66,Sharon Shah,30,Other,"706 Thomas Crossing
East Maureenport, GA 78640",625-125-5873x2015,nicholasbooker@hotmail.com,Yes,1973-12-07,Medium
67,Bradley Rush,54,Male,"429 Rice Flat Apt. 900
Johnfurt, CO 35957",013-864-2612x34926,emma04@yahoo.com,No,1978-09-13,Low
68,Michael Young,31,Other,"89446 Thomas Spurs
Williamsbury, SD 82037",+1-695-356-9060,crystal51@yahoo.com,Yes,1990-03-23,Low
69,Derrick Cruz,49,Other,"4812 Samuel Parkway
South Mary, AR 76953",857.222.9477x894,mrojas@cordova.com,No,1992-02-05,Low
70,Mary Mcguire,65,Other,"900 Miller Mills Suite 009
West Jeffreymouth, WV 34264",895.804.0620x8747,howarddonald@reed-watkins.info,No,1990-12-16,High
71,Mr. Lance Pratt,44,Male,"3859 Murray Isle
North Laurie, AZ 48196",(041)262-0117x778,ochang@bailey.com,Yes,1983-05-12,Medium
72,Roy Bennett,64,Female,"779 Christopher Summit Apt. 644
East Joshuashire, DE 14949",308-989-1368x3568,melvinwhite@gardner.info,Yes,1990-08-20,High
73,Kristin Sutton,26,Male,"8401 Courtney Underpass
Oliverville, IN 28966",001-576-206-8358,julia45@taylor.com,No,1968-03-19,High
74,Bradley Casey,59,Other,"Unit 5738 Box 7749
DPO AP 13576",1539431743,gfox@gmail.com,Yes,1988-10-07,High
75,Terry Thompson DVM,52,Other,"5986 Olsen Corners
Jacobshaven, TX 30633",825-334-5234,williamsongina@yahoo.com,No,1993-06-25,Medium
76,April Morris,52,Female,"498 Nichols Fields Suite 459
East Tammy, AK 57739",(687)218-1357,amy65@lang.org,No,2003-01-21,Low
77,Kelly Campbell,52,Male,"90620 Willie Flat
Sharonberg, TN 95484",598-204-3479x54367,rickygriffin@gmail.com,No,1991-05-16,High
78,Geoffrey Herring,58,Other,"1348 Deborah Views
Lake Tinatown, MN 33837",345-206-0330,mariawise@gmail.com,Yes,1976-01-16,High
79,Chris Jackson,18,Female,"40984 Victoria Meadow
West Jameston, OH 84960",563.986.4950x025,hollyphillips@hotmail.com,No,1961-08-17,Medium
80,Leslie Wright,26,Other,"023 Johnson Islands
Lake Edward, NJ 14946",102.473.6904x3041,william66@yahoo.com,No,1967-07-26,Medium
81,James Goodman,59,Male,"17549 Thomas Keys
Mitchelltown, WV 48691",561.061.0223x7723,qlowe@gmail.com,No,2005-11-20,Low
82,Mark Martinez,20,Male,"4580 Rachel Drive Apt. 624
Samanthaview, OH 53780",029-743-8307x1663,sharptonya@yahoo.com,No,2003-06-15,Low
83,Alexander Taylor,58,Male,"599 Sparks Mountains Suite 840
New Jeffreyshire, OR 28033",223-000-4047x6847,natalie78@yahoo.com,No,1963-10-30,High
84,Teresa Carter,37,Male,"8543 Brooke Extensions Suite 026
North Kimberlybury, KS 62864",+1-213-635-9354x545,adamjackson@hayes-schmidt.com,No,1986-10-14,Low
85,Jeffery Sanchez,39,Other,"8859 Rachel Wells
Cordovafort, CT 68803",(148)938-6576x0109,michaelbrown@yahoo.com,Yes,1985-06-22,Low
86,John Watson,59,Other,"28507 Moyer Fork
Andreaview, AL 27620",+1-116-026-3260x9238,pperry@nash.info,No,1995-12-22,High
87,Mary Taylor,30,Male,"0733 Rosario Lights
Port Bethview, NY 93720",001-287-259-3668x31105,mollyschroeder@hotmail.com,No,1990-06-16,Low
88,Nicole Morris,50,Other,"15414 Garrison Key
Lake Christina, VA 90722",001-722-025-0379x5487,acarter@hotmail.com,No,2004-09-21,Low
89,Dwayne Turner,53,Female,"6736 Bartlett Prairie Apt. 101
Lake Amandastad, NE 19789",012.355.6124x1501,ujones@yahoo.com,No,1992-06-10,High
90,Brian Kelley,57,Other,"USS Morgan
FPO AA 02196",(639)818-1503x05166,fostergregory@anthony.com,Yes,1970-10-21,Low
91,David Schneider,23,Female,"Unit 8114 Box 7585
DPO AA 94446",594-801-7606,luis03@burnett.com,No,1964-10-21,Medium
92,Christopher Alexander,32,Male,"190 Sara Tunnel Suite 927
Kevinchester, NM 19157",655-100-3008x7904,christine35@hernandez.com,No,1967-11-12,Low
93,Patricia Copeland,50,Female,"959 Marshall Summit
Sparksland, TX 18382",1373185085,jessicagonzalez@waller-lloyd.net,Yes,1997-12-27,Medium
94,Julie Hester,24,Female,"482 Perez Plaza
Port Brandibury, NM 58760",+1-371-610-7096x470,thomaswatson@watson.com,Yes,1999-09-11,Low
95,Monica Lowe,54,Female,"0780 Tina Roads Apt. 362
South Jonathanfort, PA 19713",382.974.8130,jonesbenjamin@bell-bell.net,No,1964-03-07,Medium
96,Linda Rocha,60,Female,"9541 Patricia Knoll
Aaronfurt, IN 75652",289-372-1609x9182,brianadkins@adams-kennedy.com,No,1987-07-17,High
97,Edward Roberts,44,Female,"124 Morris Walk Apt. 798
Nicholsland, VT 22882",302.750.0842,vholland@castillo.com,No,1979-06-18,Low
98,Nicholas Smith,53,Other,"2215 Dodson Flats Suite 101
Travishaven, CA 10711",(585)697-7338x134,atkinsonwayne@yahoo.com,Yes,1962-09-12,Medium
99,Shawn Greene,29,Male,"580 Williams Isle
Hallside, VA 97215",(685)597-5528x9847,dtrujillo@lang.com,No,1981-01-20,Low
100,Laura Miller,56,Male,"2904 Peterson Plaza
Ewingchester, AR 25531",640-430-4397x343,cruzryan@hotmail.com,Yes,1971-02-09,High
101,Adam Rodriguez,41,Other,"7722 Mueller Union Apt. 771
Morganstad, NE 52403",283-404-0558x46550,ckim@mcdowell.com,No,2004-03-04,Medium
102,Edward Torres,55,Female,"755 Jackson Coves Suite 973
Austinton, MD 90837",+1-075-210-4341x29462,suzanne69@martin.com,No,1965-10-05,Medium
103,William Owens,22,Male,"664 Farmer Street Suite 297
Port Jonathan, OK 20857",+1-709-207-7382x135,youngjames@greene.com,Yes,1988-05-21,Medium
104,Timothy Alvarez,40,Female,"76744 Brandt Divide
New Jennifer, KS 04408",333-346-7694,stephenmoore@yahoo.com,No,2003-02-21,Medium
105,Sherri Thomas MD,35,Male,"PSC 4265, Box 9737
APO AP 94621",+1-520-741-9936x4695,michelle85@yahoo.com,Yes,2003-02-14,Medium
106,Rhonda Lee,45,Male,"2397 Michele Keys Suite 799
New Kathleen, AR 09838",4932677072,penaaustin@gmail.com,Yes,1991-11-24,Medium
107,Brandon Herrera,38,Male,"Unit 7090 Box 3085
DPO AP 25982",001-355-192-2671x6209,jenniferwebb@compton-richards.com,No,1997-08-07,Medium
108,Levi Green,61,Male,"8670 Vasquez Streets
Kathrynhaven, LA 25931",111.602.8268x3332,acampbell@hotmail.com,No,1982-07-20,Low
109,Renee Porter,51,Other,"825 Wagner Gateway Apt. 750
Kaitlynstad, VT 88049",(696)452-5736,stevenboyle@gmail.com,Yes,1985-01-06,Low
110,Michael Atkins,38,Male,"064 Chase Dam
South Robertport, MD 35711",(281)954-9306x948,vbarnett@hotmail.com,No,1967-05-15,Low
111,Laura Clark,57,Female,"488 Chen Prairie Apt. 415
Warrentown, WV 30574",+1-697-273-9439x97418,richard23@foster-jordan.com,No,1968-10-29,Low
112,Jennifer Brown,36,Other,"52903 Margaret Flats
South Hayley, NE 70043",(414)717-7748x79868,angelsmith@scott.info,No,1970-09-12,Medium
113,Jody Stephens,49,Female,"86781 Mackenzie Island
Jeremybury, OR 61586",001-963-236-3817x373,paula75@may.com,No,2001-06-16,High
114,Max Berg,30,Male,"32853 Davidson Mission
Kleinbury, TX 07020",6039464968,william31@lee-schmitt.net,Yes,1981-12-14,Low
115,Jeffrey Hale,26,Male,"973 Berry Islands
Jenniferberg, NM 30900",001-031-113-5981,lauraharding@miles-miller.net,No,1967-09-16,High
116,Dominic Moses,43,Female,"03055 Anderson Park Apt. 676
East Donnamouth, MD 43719",+1-965-570-6498x12410,lmoses@hotmail.com,No,2003-06-20,Low
117,Timothy Rose,60,Female,"Unit 1810 Box 6815
DPO AE 76772",+1-061-658-3626x0512,thomasscott@hudson.com,No,1964-02-13,High
118,Kendra Shields,23,Other,"8541 Taylor Lock
Teresaside, OK 01868",001-510-403-2128x73642,robertdavis@gmail.com,No,1995-05-16,High
119,Tanya Hinton,63,Male,"5343 Carroll Mountains Suite 293
New Duane, IL 44706",(732)941-1580x3548,cameronburns@gmail.com,No,1984-06-14,Medium
120,Alyssa Davies,38,Female,"203 Williams Park
North Rachael, SD 11796",(202)418-5021x832,jason19@smith-todd.com,No,1960-11-01,Medium
121,Heather Mason,62,Male,"59629 Randall Harbors Apt. 316
South Cole, VT 07850",+1-554-663-3891x6958,kimberlybrown@hunter.net,Yes,1994-07-10,High
122,Frederick Chapman,21,Female,"307 Lucas Circles
Reginatown, WY 38307",(104)482-3897,gberry@irwin.com,Yes,2003-06-22,Medium
123,Tammy Sanders,31,Other,"207 Stark Junctions Suite 749
West Carol, SC 43626",062.867.4576x33001,cjames@gmail.com,Yes,1988-01-08,High
124,Kim Wright,28,Other,"8444 Donna Locks Apt. 565
Daviston, NH 91645",965.915.9234x4069,khouse@ross-anderson.com,Yes,1999-10-16,High
125,Christina Sexton,33,Other,"1088 Justin Pike
Snowfurt, MO 01832",496.614.2014x40335,duncanrichard@gmail.com,Yes,2004-07-20,Medium
126,Jacob Phillips,50,Female,"7000 Chloe Hills Suite 684
Sherrystad, AR 39952",538-707-3997,halejason@yahoo.com,Yes,2005-12-23,High
127,Misty Ford,52,Other,"8638 Davis Park Apt. 444
New Joshua, MT 67256",(385)595-4376x39704,florespaul@hardin.biz,No,2007-02-16,High
128,Evelyn Morris,37,Male,"7391 Lopez Lake
Parksfurt, CT 85035",(263)077-1600,christina97@hotmail.com,No,1969-04-04,Low
129,Jennifer Huynh,41,Male,"133 Mark Port Apt. 644
Patrickport, WA 21782",9711012571,derrick68@hotmail.com,Yes,1961-03-13,Low
130,April Scott,22,Male,"7673 Tracy Harbors Suite 198
Emilychester, DE 34026",(170)234-4258x7406,younglynn@yahoo.com,No,1971-12-11,High
131,Craig Martin,27,Female,"97448 Amanda Springs
Port Carmen, NC 69385",001-787-932-9270x3871,davidjoshua@patel-martinez.com,Yes,1988-05-11,Low
132,Grace Allen,19,Male,"9843 Charles Shoals Suite 172
South Tony, NV 66187",774-838-1662,msanchez@barnett.com,No,1999-07-05,Medium
133,Marissa Rosales,21,Female,"11343 Thomas Motorway Suite 124
East Katherine, IL 57468",401-688-6422x21489,cody77@yahoo.com,No,2001-03-16,Medium
134,Shawn Dunn,45,Female,"85866 Aaron Fall Suite 991
West Anthony, PA 86015",6287674165,lopezpatrick@gmail.com,Yes,1965-10-05,Low
135,Joshua Smith,41,Other,"5790 Paul Club
Booneburgh, CO 41101",0896741943,davidsanchez@gmail.com,No,1960-11-10,Medium
136,Thomas Cobb,51,Female,"3404 Bryan Ways Apt. 862
Andrewville, SC 33832",(659)366-3282x56778,kevin73@williams.com,Yes,2001-01-20,Medium
137,Diane Hernandez,55,Female,"37964 Michael Extensions Suite 217
Madelineton, VA 64285",001-608-253-4883x1717,tanya57@todd.com,Yes,1978-05-23,Low
138,Kimberly Garcia,19,Male,"76054 Hughes Island Suite 315
New Tammietown, TX 77979",328.599.8401x9360,michelle63@hotmail.com,No,1997-07-11,Low
139,Alexandria Moss,38,Female,"108 Pamela Stream
Smithton, TX 84821",(764)257-7538x29589,benjaminmccoy@livingston.com,No,1977-06-07,High
140,John Frost,41,Female,"835 Wang Forges Suite 945
Lake Sarahmouth, VT 05666",(825)634-7416,fmoore@galloway-duffy.net,Yes,1991-12-29,High
141,Elizabeth Nicholson,28,Other,"893 Turner Plain
West Erikmouth, WV 01979",(828)439-6503,donna60@hotmail.com,Yes,1966-03-15,High
142,Joel Carlson,45,Female,"08898 Kimberly Groves Apt. 043
West Wendy, KS 71649",568-323-4305x30049,manndebra@kennedy.com,No,1982-07-28,Medium
143,Erik Ray,29,Female,"070 Austin Rapid Suite 720
Port Cory, IN 22892",001-723-367-8918,cwest@hotmail.com,No,1966-04-12,High
144,Andrew Larsen,41,Other,"2846 Denise Meadows Suite 576
New Adriennestad, IL 70453",001-910-048-7441,davismichelle@arellano.com,No,1969-03-12,Medium
145,Christine Rodriguez,36,Other,"29744 John Junction
Port Bettychester, AK 23695",074.709.6812x43597,emmamoon@martin.info,No,1989-12-25,High
146,David Chavez,21,Other,"554 Osborne Rest
Jonton, MN 79385",(310)717-3454x1835,wandasmith@gmail.com,No,1966-09-22,Medium
147,Joshua Morrison,29,Male,"76391 Andrew Mission
Port Danny, KS 77654",443-265-8242,jackiebender@peterson.com,No,1964-07-12,Medium
148,Heather Rodriguez,45,Other,"60037 Lee Burgs
Alexandriaberg, GA 20481",+1-602-405-4981x1912,susan42@skinner-hoover.biz,No,1994-05-06,Low
149,Dennis Ibarra,61,Male,"30803 Teresa Lake
East Justin, RI 62956",213.396.3063x620,qross@yahoo.com,No,1997-03-23,High
150,Joseph Charles,48,Female,"485 Franklin Pine Suite 862
North Charleston, MA 09482",001-390-832-6302x966,monica40@hotmail.com,No,1980-02-24,Medium
151,David Love,48,Male,"9195 Winters Path Suite 384
Lake Lauraburgh, TN 44329",261.622.6007x33114,bradydenise@hotmail.com,No,1995-10-22,Low
152,Dawn Freeman,23,Female,"8432 Henry Ways
New Phillipborough, PA 85003",419-226-8207,wcoleman@gmail.com,Yes,1996-03-08,Medium
153,Belinda Alvarez,22,Male,"894 Charles Groves Suite 067
Barbaraland, AZ 97403",001-245-482-0757x7490,tochoa@yahoo.com,Yes,1978-09-09,High
154,Elizabeth Turner,24,Female,"33708 Gomez Crescent Apt. 543
Joshuashire, AR 33243",576-655-1446x647,blacklinda@hotmail.com,Yes,1989-09-18,Medium
155,John Morton,55,Other,"USNS Nelson
FPO AA 90354",001-120-400-6074,cathy07@smith.com,No,1981-12-25,High
156,Christopher Young,46,Male,"1561 Grant Mountain Suite 809
Cooleyburgh, AR 29161",9628419853,paulcook@yahoo.com,No,1980-08-03,Medium
157,Joseph Davis,59,Other,"6799 Mark Park Suite 499
South Sarah, MD 21051",+1-576-362-5765x0518,csmith@yahoo.com,Yes,2003-08-15,Low
158,Chad Roberts,54,Male,"29725 Donald Wall
Jessicaburgh, UT 83621",+1-509-746-0483,dwiley@yahoo.com,No,1981-11-21,High
159,Morgan Simpson,56,Female,"674 Taylor Overpass
New Renee, OR 73166",+1-100-176-5060x070,garciajohn@gmail.com,Yes,1990-03-16,Low
160,Jonathan Rogers,64,Other,"01455 Scott Mountain Suite 082
Hernandezview, OR 08396",(029)921-2022x9178,jesusjordan@holt.com,Yes,1984-06-18,High
161,Renee Brown,29,Other,"0853 Jill Terrace Apt. 005
West Robert, ID 96383",(981)368-2498,swaters@austin-walker.com,Yes,1998-11-17,High
162,Steven Jones,53,Other,"768 Thomas Island
East Raymond, CO 89632",+1-273-400-8148,stewartstephanie@miller.com,Yes,1974-11-30,High
163,Marvin Lee,18,Female,"094 Collin Walks Suite 068
Lindachester, OH 33450",+1-339-753-3755,john97@hotmail.com,No,2003-12-14,High
164,Anthony Mullins,25,Female,"50589 Mclean Mount
Lake Danielport, WV 49190",+1-770-008-2711x2714,taramcintyre@lyons.com,Yes,1977-11-16,Medium
165,Haley Miller,30,Male,"4345 Lynch Parkway Apt. 586
Port Amanda, MD 82772",577-269-7841,ellenalexander@hotmail.com,No,1973-06-01,Low
166,Cathy Adams,24,Male,"934 Barbara Trafficway
Lake Jeffrey, KY 92169",+1-032-002-8863x936,erika24@gmail.com,No,1998-11-22,Medium
167,Mary Thomas,21,Male,"2039 Hernandez Lake Apt. 237
Lake Davidborough, TN 87797",(305)753-8841,shawnwilcox@hotmail.com,Yes,2000-02-06,Low
168,Jennifer Glover,39,Other,"221 Laura Walk Suite 138
New Rebeccaberg, CO 05683",(126)595-4402,aharper@yahoo.com,No,1960-08-09,High
169,Andrea Pierce,35,Male,"PSC 9542, Box 5814
APO AP 26499",913.219.0194,scottwaller@ashley.info,Yes,2003-02-18,Low
170,Debra Pacheco,56,Other,"3127 Tracy Mill Apt. 224
West Lonnie, SC 55301",350-296-9432x2102,hilledward@kramer-fisher.com,No,1968-08-28,High
171,Timothy Aguilar,21,Male,"27215 Mitchell Vista
Karenmouth, PA 29150",(531)952-9202x9723,nrobertson@hotmail.com,No,2004-10-22,Medium
172,Katherine Jones,46,Female,"2543 Blake Divide Apt. 310
Port Maryborough, VA 36087",+1-400-444-1021,nlamb@patterson-cohen.com,No,1998-10-24,Low
173,James Martinez,49,Other,"45905 Daniel Forks
Lake John, FL 71233",001-694-224-0927,shannonhughes@hendricks.org,No,1968-04-14,Medium
174,Manuel Price,29,Male,"0185 Brandi Falls Apt. 513
West Garyburgh, NJ 94778",655-154-6113x934,fschultz@lynch.com,No,1975-05-09,High
175,Michael Bean,48,Female,"714 Lloyd Hollow Apt. 641
Maysberg, MO 66096",(414)597-2136,yraymond@sullivan.com,No,1966-08-12,Medium
176,Lisa Richmond,42,Other,"738 Melissa Coves
Michaelfort, AZ 45288",(037)808-2247x69948,patrickcastro@moore.net,No,1990-05-17,Low
177,Raymond Harris,19,Female,"295 Jennifer Freeway Suite 284
Port Connor, MT 98854",(274)170-7203x03129,jamesschultz@hotmail.com,Yes,1983-02-20,Low
178,Angela Wyatt,35,Other,"37000 Finley Wall Apt. 246
West Ginachester, IA 86184",036-840-1835,tmoses@hotmail.com,Yes,1975-05-10,Low
179,Cheryl Owens,61,Female,"2621 Tommy Estate
New Lindamouth, LA 09232",130-212-7876x1741,tsmith@hotmail.com,Yes,1988-08-03,Medium
180,David Kent,40,Male,"41567 Christy Points
East Amy, OR 99650",837-778-6576,christophermejia@hotmail.com,Yes,1996-06-28,High
181,Diana Phillips,61,Other,"28353 Alfred Locks Apt. 091
Kathrynchester, VT 28954",674-548-3580x2757,snyderpaul@gmail.com,Yes,1965-09-21,Low
182,Danielle Herrera,34,Male,"Unit 8110 Box 5217
DPO AE 10910",(335)497-8123x44591,pacebrian@hotmail.com,No,1990-04-06,Low
183,Mrs. Amber Craig,48,Male,"3884 Adam Fields
East George, KS 37970",330.652.7639x1527,jacobtaylor@hotmail.com,Yes,1986-03-23,Medium
184,Jerry Velez,38,Female,"2968 Trevor Islands
Valdezburgh, NE 91652",001-830-419-0147x4500,jonathanhoward@cummings.info,No,1987-07-28,Low
185,Nathan Horn,41,Male,"1040 Melanie Extension
East Brandonburgh, TN 62638",(414)890-4956,chavezjoshua@parker.com,Yes,2005-10-16,High
186,Zachary Jones,60,Other,"42774 Jennifer Rapid Apt. 145
Lake Virginiashire, SC 81912",819-139-4259,gregoryedwards@scott.net,Yes,1991-09-15,Medium
187,Jessica Erickson,60,Other,"PSC 6599, Box 2448
APO AA 62156",001-160-707-0978x15006,fanderson@gmail.com,Yes,2003-09-29,Medium
188,Javier Hudson,20,Female,"480 Bryan Stravenue
Richardfort, FL 93536",3061340122,shaunellis@hernandez.com,Yes,2006-10-10,High
189,Christopher Adams,52,Other,"7544 Elizabeth Via Apt. 604
Port Cristina, NC 65316",6166687438,anthonyowens@yahoo.com,Yes,1986-02-02,High
190,Maria Hayes,51,Male,"071 Higgins Brook Suite 707
South Brian, HI 37775",(195)156-4870x07083,qmoreno@yahoo.com,No,1992-11-25,Medium
191,Daniel Rivera,24,Other,"836 Hill Turnpike
Yufort, MS 49120",+1-983-265-2134,kathrynharris@hotmail.com,Yes,1969-03-19,High
192,Eric Williams,23,Other,"3331 Moody Station
New Tina, MI 74107",394-044-7533x18563,greenesteven@gmail.com,Yes,1973-03-02,Medium
193,John Rowland,64,Other,"64866 Reilly Viaduct Apt. 498
Morrisview, WA 33628",402.629.2592x41495,michaelhill@rivers.com,No,1999-03-30,Medium
194,Anthony Fox,59,Other,"4049 Amanda Summit Suite 836
South Stephaniehaven, GA 95755",333-827-8192,latoya07@blair-powell.org,No,1984-03-21,Low
195,Stephanie Brown,32,Other,"992 Paul Crescent Suite 545
Wilsonberg, FL 07389",894.080.4222x6993,edoyle@lane.info,No,1971-08-19,Low
196,Alex Hess,48,Male,"2653 Laura Road
Robertmouth, KS 41754",7738438836,dillonthompson@yahoo.com,Yes,1989-04-17,Low
197,Mia Knox,22,Female,"8226 Wells Estates
South Tammyside, WY 78279",479-768-9691x08270,melissagiles@yahoo.com,Yes,1976-05-14,Low
198,Amber Lee,47,Other,"16152 Castillo Passage
North Steven, MA 43664",001-092-252-0573,jessica61@hotmail.com,Yes,1984-06-09,Medium
199,Lauren Walker,18,Female,"PSC 5098, Box 5708
APO AA 62047",297-427-7962x34167,milleramy@horton-mills.net,No,1983-04-29,High
200,Susan Trevino,28,Other,"88777 Rebecca Islands Suite 129
Olivermouth, NM 48469",945-422-2746x4996,istewart@yahoo.com,No,1986-01-23,Low
201,Mathew Miller,65,Other,"031 Smith Islands Suite 183
Margaretstad, MO 32105",(276)046-9431x08369,bsmith@wilson.info,Yes,1967-09-18,Low
202,Jeremy Hanson,30,Female,"107 Melinda Island
Willisfurt, TX 04664",001-671-087-2274x33482,christophermiller@gmail.com,Yes,2001-07-05,Low
203,Wendy Johnson,23,Other,"12716 Jennifer Plaza
Carterton, FL 96949",(717)894-5608x96022,rebeccajimenez@parker.com,Yes,1984-02-21,High
204,Todd Barr,49,Female,"52890 David Greens Suite 587
Port Melinda, IA 45065",001-632-489-4730,sbailey@wilkinson.net,Yes,1970-04-20,Low
205,Mark Turner,36,Female,"0743 Stanley Forest
Sheilamouth, CT 88449",+1-749-021-7394,amurphy@jones-spears.net,No,1963-08-29,High
206,Rebecca Jones,25,Other,"09420 Miller Pass
New Vanessastad, IA 73188",001-091-215-8715x250,brad20@miller.com,Yes,1968-11-14,Medium
207,William Bryant,37,Female,"6422 Dixon Lake
Jennybury, NE 39630",(832)241-4560x0442,krussell@wilson.com,Yes,1967-02-23,Medium
208,Jacqueline Erickson,26,Female,"86575 Anthony Field
Lake Alyssaland, NJ 78303",+1-412-296-1077x824,hzimmerman@thomas.com,No,1963-04-27,Low
209,Tonya White,46,Female,"685 Lewis Common
Port Levi, DC 77202",876.070.4164x318,smithbarbara@kelly.org,No,1971-05-22,Low
210,Jeremy Oconnor,24,Other,"2906 Morris Stravenue
Patrickmouth, MS 24042",093.692.9420,lukehutchinson@ellis.com,No,1970-12-31,Medium
211,Ana Fernandez,21,Male,"3830 Mcknight Ramp
West Lisa, TN 89394",600-653-0869x4648,cummingsjudy@perry-paul.info,Yes,2004-01-31,High
212,Steven Fletcher,47,Female,"17092 Choi Coves
New Lisaview, OR 15598",640.200.3865x63142,agardner@herrera.com,Yes,1975-12-25,Low
213,Travis Parrish,59,Female,"4484 Mark Green Apt. 859
Kristinaport, WY 98334",001-067-125-4018x554,floressusan@gmail.com,Yes,1991-05-31,Low
214,Connor Robinson,34,Other,"PSC 2162, Box 9949
APO AE 11691",252.466.8999,ngallagher@dalton.com,Yes,1972-03-28,Low
215,Nicole Bell,20,Other,"PSC 4655, Box 7048
APO AA 62195",(578)197-7385x379,theresa91@yahoo.com,Yes,1979-07-21,Low
216,Michael Holden,30,Female,"PSC 4984, Box 6416
APO AE 02205",425.916.2606x286,wrightyolanda@crawford.biz,No,1991-01-11,High
217,Christopher Johnson,42,Male,"8388 Lawson Squares
Guerrerofurt, IL 29372",3441205486,dianeperez@gmail.com,Yes,1984-01-16,Medium
218,Linda Young,32,Male,"899 Morales Junctions
South Kevin, CO 36557",+1-935-278-8128,jgross@hotmail.com,No,1983-08-03,High
219,Shannon Zamora,53,Male,"48630 Tiffany Grove Suite 988
Kellyshire, DE 79950",4882054693,joshua90@yahoo.com,Yes,1966-12-12,Medium
220,Brendan Woodard,58,Other,"955 James Shoal
Jacobsburgh, AZ 83169",+1-260-809-6575x479,avasquez@yahoo.com,No,1964-11-02,High
221,Tammy Jordan,39,Other,"8228 Gregory Bridge
Lake Maria, HI 52480",950.497.9701x4648,jessicachapman@bird.com,No,1975-08-13,Low
222,Donna Johnson,18,Male,"3371 Cruz Squares
Jamesborough, AZ 17740",+1-564-226-2512x57609,michaeljimenez@reynolds-singleton.com,Yes,1964-12-31,High
223,Jessica Castillo,63,Female,"955 Lisa Plaza Suite 730
New Deborah, UT 96771",190.886.6833,alyssacalderon@morris-tran.info,Yes,2003-11-25,Low
224,Rebecca Bright,63,Male,"388 Adam Tunnel Suite 974
Mendozaburgh, WI 23107",+1-588-744-1383,cody54@hotmail.com,Yes,1988-02-20,High
225,Mrs. Amy Nielsen,21,Female,"5123 Brian Crossroad Apt. 506
Nicolechester, CO 05651",156.630.0469x29900,tpeterson@stevens.com,No,1966-12-14,Low
226,Barbara White,26,Other,"3527 Christopher Islands Apt. 021
New Mitchellbury, MI 24259",001-879-853-7725x278,felicia90@hotmail.com,No,1994-08-03,Low
227,Peter Day,65,Other,"217 David Loaf
Traciborough, OK 53219",(087)819-7259x0480,karen56@anderson.com,Yes,1979-12-15,High
228,Joe Cunningham,56,Female,"USNV Ramirez
FPO AE 43812",(497)288-0206x8977,meyerkirsten@gmail.com,Yes,1993-08-28,High
229,Diane Palmer,28,Female,"9897 Zachary Highway Apt. 525
Walkerchester, VA 26374",(804)722-1386,samuel68@barber.com,No,1986-05-02,Low
230,Adrian Shannon,59,Other,"57307 Matthew Courts
Douglaston, KY 16893",647.593.0127x60703,morganjessica@hotmail.com,No,1974-05-18,High
231,Sergio Bates,48,Other,"792 Frye Tunnel
Mitchellhaven, WV 89343",(676)227-7199x19013,angiealvarez@gmail.com,No,1996-10-09,Medium
232,Michael Vance,21,Other,"864 Stone Courts
Ryanhaven, NJ 14237",343-491-8431,tylershaw@hotmail.com,Yes,2000-01-12,Low
233,Rhonda Gomez,28,Other,"USNV Reid
FPO AP 06008",327-625-7952x8144,epoole@gmail.com,No,1975-11-25,High
234,Tara Miller,55,Male,"40817 James Ferry Apt. 774
Leslieview, RI 66162",9532453724,jpeterson@hess.info,No,2006-10-27,Medium
235,Karina Clark,53,Female,"46947 Smith Burg
Coreyberg, NJ 01315",513-158-7103x91727,valerie98@gmail.com,No,1970-02-25,Low
236,Stephen Graves,46,Female,"8788 Reeves Turnpike
East Kenneth, IN 81020",001-507-884-6938x0370,riverajoshua@hotmail.com,Yes,1972-09-18,Medium
237,Olivia Barnes,38,Other,"90588 Rivers Mountains
Andreashire, TN 62990",4073315903,daniel04@martinez-arroyo.com,No,1965-02-28,High
238,Jordan Watson,46,Female,"6542 Davis Village
Amyshire, IN 82528",491.066.1524x12130,brittany42@gmail.com,Yes,2000-05-17,High
239,Ashley Marks,46,Female,"USCGC Griffin
FPO AA 36610",001-936-729-6865x09216,amyhuff@yahoo.com,No,1974-09-19,Medium
240,Andrew Collins,44,Other,"864 Peterson Cove
Ellisshire, RI 26006",+1-725-390-1525x356,alyssa43@johnson.com,No,1998-12-04,Medium
241,Timothy Butler,45,Other,"7292 Ramirez Gateway
Rileyfort, IL 39401",8276173906,hallrodney@perez.com,Yes,1970-08-02,Medium
242,Sarah Martin,46,Other,"7497 Stacey Mission
South Brandifurt, MS 14269",+1-244-260-3842x4981,christiantaylor@garcia.com,Yes,1973-02-12,High
243,Richard Burke,48,Female,"359 Emma Course Suite 983
Brittanyland, FL 81699",001-983-584-4061x71320,allisonkristopher@conley.com,Yes,1966-10-31,Medium
244,Jennifer Davis,29,Other,"8992 Thomas Springs
Ingramfurt, SD 82985",094.782.5039x6410,freemanfrancisco@miller-henson.com,No,1985-06-30,Medium
245,Larry English,56,Male,"6255 April Skyway
Stantonside, OH 76280",0090864099,wilsontina@soto-simpson.com,No,1964-12-12,Medium
246,Jordan Brandt,37,Male,"28383 Deborah Well Suite 579
Murphytown, AK 22267",001-886-078-8297x36480,zdennis@hotmail.com,Yes,2004-03-28,High
247,James Fischer,39,Male,"690 Walker Islands
West Martinburgh, CA 03185",985-759-9726,jenkinseric@gmail.com,Yes,1978-10-28,Medium
248,Brianna Bautista,25,Female,"86357 Natasha Glens
South Joseph, IA 24595",474.352.0399x2402,dana53@yahoo.com,Yes,2003-06-30,Medium
249,Shari Williams,33,Other,"0374 Kyle Rapid
North Heatherborough, IA 34146",202-411-7435x90271,gloria96@yahoo.com,No,1986-01-20,Low
250,Isaac Hicks,64,Male,"3017 Brown Dam
Woodfort, NC 79723",181.385.8470,dianasheppard@gmail.com,No,1997-08-08,High
251,Thomas Hebert,57,Female,"Unit 8243 Box 5690
DPO AE 25650",141-435-8925x81934,eric70@yahoo.com,Yes,1989-07-08,Medium
252,Vickie Horne,54,Male,"6750 James Inlet
Harrisfurt, MA 86219",001-273-160-9246,cameronerica@davis-barber.com,Yes,1974-10-04,Low
253,Deanna Haas,23,Female,"45048 Wong Via Apt. 223
New Jonathan, UT 38258",447.248.1060,frank02@mckinney.com,No,2001-07-22,Low
254,Dr. Melody Dean,20,Female,"985 Caroline Freeway
Timothyport, IL 93917",062.361.5239,cmoore@yahoo.com,Yes,1960-06-06,Low
255,Joshua Jones,54,Other,"0429 Greg Lodge Apt. 008
North Donaldtown, OH 89847",250-031-5458x6506,gmoreno@morales.com,No,1966-04-15,High
256,Alicia Edwards,35,Female,"8873 Price Ferry Suite 850
Victoriatown, MN 42892",+1-038-523-0502x24379,lisa14@jenkins.com,Yes,1979-04-28,Low
257,Catherine Thompson,31,Other,"46616 Rocha Fork
Port Kellytown, WY 98561",+1-245-368-6955,froth@garcia-gray.com,No,1999-06-20,Medium
258,Cole Nolan,55,Other,"4236 Simmons Valley Suite 631
North Cindy, OH 62307",+1-541-645-9987x44781,tylermyers@yahoo.com,No,1974-06-06,Low
259,Katelyn Anderson,64,Female,"445 William Point
Davidfort, RI 64906",971-911-9187x7700,sandra18@perkins.com,No,1983-04-25,High
260,Wayne Wise,51,Female,"692 Smith Summit Apt. 607
Emilyfort, OK 33288",+1-123-499-7291x510,anthony93@carlson.com,Yes,1966-11-20,Low
261,Paul Edwards,63,Female,"07487 Ashley Mall Suite 181
Delacruzbury, NY 27054",(233)862-4797x56513,bensonjohn@yahoo.com,Yes,1988-10-21,Low
262,Kylie Johnson,36,Female,"730 Thomas Square
Estradaland, AK 41361",055.829.1965x8132,kimberlygreene@yahoo.com,No,1994-06-28,High
263,Jason Baker,25,Other,"67277 James Falls
North Steven, WY 34763",(582)826-5369,roy48@gmail.com,Yes,1972-06-26,Medium
264,Morgan Gillespie,43,Male,"6694 Mark Rapids Apt. 089
South Gary, FL 16440",+1-852-849-9449x9610,andreacochran@hotmail.com,Yes,1979-08-13,Low
265,Jennifer Ross,24,Male,"21192 Joshua Corners Apt. 002
Ashleyhaven, NM 56510",355-181-2844,rosejesse@hotmail.com,Yes,1986-09-22,High
266,Marie King,63,Other,"00562 Jennifer Rapid Suite 139
East Carlahaven, VA 35439",(437)794-1550x008,susangriffin@cruz.com,Yes,1971-04-08,Medium
267,Kathy Lynch,65,Male,"942 Vanessa Meadows
Curtisbury, CA 81134",476-213-5433,ashleyallen@gmail.com,Yes,1981-10-10,Low
268,Sonya Lopez,42,Other,"36076 Tran Unions Apt. 771
East Rebecca, DC 23041",+1-308-276-6675x47353,tpatton@yahoo.com,No,1980-12-03,High
269,Ronald Vasquez,24,Other,"1750 Casey Hills Apt. 912
Christopherbury, CA 44627",3346205462,jillriddle@bridges.org,Yes,1990-06-29,Medium
270,Gabriel Shepherd,40,Other,"152 Howard Ports
North Sandra, IA 04894",052-606-8282,hamiltonmichael@yahoo.com,Yes,1997-09-15,High
271,Tamara Campbell,47,Female,"2155 Myers Gateway Apt. 472
Lake Christopher, KY 16695",(721)155-4475,johnjohnson@hotmail.com,No,1962-08-09,Medium
272,Brittany Bender,26,Other,"30320 Timothy Isle Suite 395
Smithmouth, SD 45064",460-059-9306,gregory62@hotmail.com,Yes,1980-12-22,High
273,Brandon Lawrence,64,Male,"42624 Donna Extension Apt. 234
Robertsonport, OK 15595",877-138-4324x331,christineball@williams-stewart.info,Yes,1960-04-29,Low
274,Jeremiah Anderson,61,Other,"800 Mccarthy Drives Apt. 632
Reginaldside, NY 77052",(947)220-7337x9561,qcruz@gmail.com,Yes,1987-02-28,Low
275,Micheal Velazquez,42,Female,"2524 Myers Parkway Suite 236
Jamiemouth, OH 87856",558.789.9779,kathy15@gray.com,No,2005-01-31,Low
276,Richard Vargas MD,54,Female,"2558 Bryan Greens
North Joshuachester, MT 62264",(762)904-0433,michaelreed@anderson.com,No,1967-01-02,Medium
277,Kristina Schultz,18,Male,"50613 Jones Mission
Lake Frankstad, AL 98605",(459)667-8891x607,darrell31@jones.com,Yes,1982-04-20,Low
278,Kelly Watkins,42,Female,"84920 Avila Views Apt. 290
Rebeccamouth, ME 86348",(803)770-0925x9985,nrichard@dean.com,No,1989-12-25,Low
279,Thomas Martinez,28,Other,"528 Hunter Stream Apt. 009
Port Mark, NE 75582",(892)922-2726x38779,dburton@mckinney-clayton.info,No,1979-06-29,Medium
280,Ashley Perez,26,Male,"558 Darrell Drives
Gabriellefort, CA 42531",+1-584-098-1212x96989,kerredward@ross.com,No,2001-05-17,High
281,Martin Ryan,38,Male,"837 Andrews Pines
Andersonmouth, HI 08756",001-345-071-4584x80456,glopez@harris.biz,No,1973-06-02,Low
282,Joshua Casey,35,Other,"5401 Dunn Rapids
Lake Ericview, LA 34407",013-849-0589x950,jamesmiller@fuentes.com,No,1980-12-16,Medium
283,Shawn Brooks,26,Female,"33771 Turner Creek
Stevenstown, OH 33137",0312750918,jacquelinebecker@carson.com,Yes,2005-11-25,Medium
284,Joseph Smith,27,Other,"20257 Henry Ramp Apt. 271
Lake Jesse, KS 82217",+1-396-491-3814,wgonzales@freeman.com,Yes,1997-08-16,High
285,Joseph Shaw,64,Female,"94806 Evan Drive Suite 428
New Michaelaberg, CO 41305",069-978-9789,kenneth55@yahoo.com,No,1988-02-18,Medium
286,Zachary Park,63,Other,"PSC 8842, Box 9069
APO AP 58626",(773)811-6475x76156,cindy52@liu-anderson.com,Yes,1979-07-13,Medium
287,Laura King,30,Male,"934 White Stravenue Suite 934
Lake Jack, AL 17780",1615344817,michaelkent@johnson.com,Yes,2000-05-15,High
288,Lisa Velasquez,53,Other,"98543 Smith Squares Apt. 563
West Lisa, NC 48142",001-627-432-0912x92788,shaneharrison@gmail.com,No,1981-06-26,Medium
289,Sean Robertson,45,Male,"063 Matthews Forges
Markview, NH 94198",629-079-5478x1275,anthonywarner@bennett.com,Yes,1986-11-06,Medium
290,Thomas Woods,44,Female,"596 Lutz Way
Tylerbury, IL 02173",716-203-0459,brandonknox@bender.com,No,1993-12-01,Medium
291,Carol Freeman,39,Male,"394 Jill Bridge
Newtonborough, IN 66250",504.988.7352x892,hartmanhector@potter.com,Yes,1965-01-02,High
292,James Campbell MD,28,Female,"504 Chapman View Apt. 490
South Dustinborough, MD 41001",340-769-1823x39944,brittanygarrett@porter.com,No,1984-04-07,Low
293,Bryan Randall,53,Female,"4365 Duarte Motorway
South Angela, UT 47083",202.381.3925,anthony28@barnett.org,No,1983-09-26,Low
294,Timothy Fitzgerald,19,Male,"62743 Crystal Run
Trantown, KY 77698",559-073-9055x21976,buchananalejandro@davis-white.com,No,2006-08-31,Medium
295,Brandon Wells,37,Male,"107 Jones Club Apt. 408
East Deanna, WA 24107",(587)026-5191x573,jamesmosley@yahoo.com,No,1981-07-16,Low
296,Chelsea Sharp,29,Male,"244 Frank Road Suite 640
New Frank, ME 87942",+1-931-883-2521x907,cgraves@hotmail.com,No,1992-12-13,Medium
297,Matthew Hamilton,57,Female,"53959 Hernandez Spring
New Charles, NY 87448",001-721-853-8323x568,jessejones@villarreal-jones.org,No,1995-05-30,Low
298,Hannah Cortez,50,Female,"591 Brown Loop Apt. 966
West Victoriaport, ID 57671",(296)108-6167x240,rgrimes@gmail.com,No,1986-07-15,Low
299,Julia Torres,33,Female,"327 Lewis Isle Apt. 520
Rachelside, CO 33582",074-863-9618,gonzalezernest@hopkins-myers.com,No,1980-11-19,High
300,Nicole Bennett,43,Female,"671 Pena Manor Suite 776
Davidberg, ME 52278",929-834-2254x4732,fergusonkristi@gordon-rios.com,Yes,1964-04-19,Low
